Workbook

Sheet อ่านก่อน
A1: LEB2 Mockup Console — Google Sheet ปลายทาง
A3: แท็บ Tracks: 1 แถว = 1 รอบของ 1 track (30 tracks × 4 รอบ = 120 แถว) เว็บจะเขียนทับเฉพาะคอลัมน์ done, late_answer, quiz_answer, decision_error, updated_at
A4: แท็บ Mockups: สถานะ "ตรวจแล้ว" ของ 19 แบบ
A5: แท็บ Summary: สรุปอัตโนมัติด้วยสูตร (ห้ามพิมพ์ทับ)
A7: คอลัมน์ figma_link (Tracks คอลัมน์ L, Mockups คอลัมน์ D) เป็นลิงก์ที่ใส่ไว้ให้แล้ว เว็บไม่เขียนทับ — ถ้าลิงก์เปลี่ยน ให้แก้ทั้งที่นี่และ data.js
A8: ห้ามแก้ชื่อแท็บ, หัวคอลัมน์ในแถวที่ 1, และคอลัมน์ track / stage — เว็บใช้สองคอลัมน์นี้จับคู่แถว
A9: คอลัมน์ expected_late / expected_quiz มาจากตาราง TIERS ใน data.js (ถ้าเฉลยเปลี่ยน ต้องแก้ที่ data.js ด้วย ไม่ใช่แก้ที่นี่)
A10: ข้อมูลที่เก็บ: เลข Track, รอบ, สถานะ, คำตอบ Late/Quiz เท่านั้น — ไม่มีชื่อหรือรหัสนักศึกษา
A12: วิธีใช้: อัพโหลดไฟล์นี้ขึ้น Google Drive → เปิดด้วย Google Sheets → Extensions → Apps Script (ดู SETUP-GOOGLE-SHEET.md)

Sheet Tracks
A1: track | B1: stage | C1: variant | D1: course | E1: done | F1: late_answer | G1: quiz_answer | H1: expected_late | I1: expected_quiz | J1: decision_error | K1: updated_at | L1: figma_link
A2: 1 | B2: baseline | C2: Baseline | D2: MDT 310 Eyes Tracking | E2: =FALSE() -> FALSE | H2: 1 | I2: 2 | L2: เปิด Figma ↗
A3: 1 | B3: lshs | C3: Status(LS)+Search(HS) | D3: MDT 313 Web Programming | E3: =FALSE() -> FALSE | H3: 2 | I3: 1 | L3: เปิด Figma ↗
A4: 1 | B4: hshs | C4: Menu(HS)+Button(HS) | D4: MDT 312 UX/UI Designs | E4: =FALSE() -> FALSE | H4: 1 | I4: 2 | L4: เปิด Figma ↗
A5: 1 | B5: lsls | C5: Button(LS)+Menu(LS) | D5: MDT 311 Confirmation Bias | E5: =FALSE() -> FALSE | H5: 2 | I5: 1 | L5: เปิด Figma ↗
A6: 2 | B6: baseline | C6: Baseline | D6: MDT 310 Eyes Tracking | E6: =FALSE() -> FALSE | H6: 1 | I6: 2 | L6: เปิด Figma ↗
A7: 2 | B7: lshs | C7: Status(LS)+Search(HS) | D7: MDT 313 Web Programming | E7: =FALSE() -> FALSE | H7: 2 | I7: 1 | L7: เปิด Figma ↗
A8: 2 | B8: hshs | C8: Menu(HS)+Status(HS) | D8: MDT 312 UX/UI Designs | E8: =FALSE() -> FALSE | H8: 1 | I8: 2 | L8: เปิด Figma ↗
A9: 2 | B9: lsls | C9: Button(LS)+Menu(LS) | D9: MDT 311 Confirmation Bias | E9: =FALSE() -> FALSE | H9: 2 | I9: 1 | L9: เปิด Figma ↗
A10: 3 | B10: baseline | C10: Baseline | D10: MDT 310 Eyes Tracking | E10: =FALSE() -> FALSE | H10: 1 | I10: 2 | L10: เปิด Figma ↗
A11: 3 | B11: lshs | C11: Status(LS)+Search(HS) | D11: MDT 313 Web Programming | E11: =FALSE() -> FALSE | H11: 2 | I11: 1 | L11: เปิด Figma ↗
A12: 3 | B12: hshs | C12: Button(HS)+Status(HS) | D12: MDT 312 UX/UI Designs | E12: =FALSE() -> FALSE | H12: 1 | I12: 2 | L12: เปิด Figma ↗
A13: 3 | B13: lsls | C13: Button(LS)+Menu(LS) | D13: MDT 311 Confirmation Bias | E13: =FALSE() -> FALSE | H13: 2 | I13: 1 | L13: เปิด Figma ↗
... A121: 30 | B121: lsls | C121: Menu(LS)+Status(LS) | D121: MDT 311 Confirmation Bias | E121: =FALSE() -> FALSE | H121: 2 | I121: 1 | L121: เปิด Figma ↗

Sheet Mockups
A1: variant | B1: checked | C1: updated_at | D1: figma_link
A2: Baseline | B2: =FALSE() -> FALSE | D2: เปิด Figma ↗
A3: Menu(HS)+Button(HS) | B3: =FALSE() -> FALSE | D3: เปิด Figma ↗
A4: Menu(HS)+Status(HS) | B4: =FALSE() -> FALSE | D4: เปิด Figma ↗
A5: Menu(HS)+Search(HS) | B5: =FALSE() -> FALSE | D5: เปิด Figma ↗
A6: Button(HS)+Status(HS) | B6: =FALSE() -> FALSE | D6: เปิด Figma ↗
A7: Status(HS)+Search(HS) | B7: =FALSE() -> FALSE | D7: เปิด Figma ↗
A8: Button(HS)+Search(HS) | B8: =FALSE() -> FALSE | D8: เปิด Figma ↗
A9: Status(LS)+Search(HS) | B9: =FALSE() -> FALSE | D9: เปิด Figma ↗
A10: Menu(LS)+Search(HS) | B10: =FALSE() -> FALSE | D10: เปิด Figma ↗
A11: Button(LS)+Search(HS) | B11: =FALSE() -> FALSE | D11: เปิด Figma ↗
A12: Button(LS)+Status(HS) | B12: =FALSE() -> FALSE | D12: เปิด Figma ↗
A13: Menu(LS)+Status(HS) | B13: =FALSE() -> FALSE | D13: เปิด Figma ↗
... A20: Menu(LS)+Status(LS) | B20: =FALSE() -> FALSE | D20: เปิด Figma ↗

Sheet Summary
A1: tier | B1: rounds_total | C1: rounds_done | D1: answered | E1: errors | F1: error_rate
A2: baseline | B2: =COUNTIF(Tracks!$B:$B,A2) -> 30 | C2: =COUNTIFS(Tracks!$B:$B,A2,Tracks!$E:$E,TRUE()) -> 0 | D2: =COUNTIFS(Tracks!$B:$B,A2,Tracks!$J:$J,">=0") -> 0 | E2: =COUNTIFS(Tracks!$B:$B,A2,Tracks!$J:$J,1) -> 0 | F2: =IF(D2=0,"",E2/D2)
A3: lshs | B3: =COUNTIF(Tracks!$B:$B,A3) -> 30 | C3: =COUNTIFS(Tracks!$B:$B,A3,Tracks!$E:$E,TRUE()) -> 0 | D3: =COUNTIFS(Tracks!$B:$B,A3,Tracks!$J:$J,">=0") -> 0 | E3: =COUNTIFS(Tracks!$B:$B,A3,Tracks!$J:$J,1) -> 0 | F3: =IF(D3=0,"",E3/D3)
A4: hshs | B4: =COUNTIF(Tracks!$B:$B,A4) -> 30 | C4: =COUNTIFS(Tracks!$B:$B,A4,Tracks!$E:$E,TRUE()) -> 0 | D4: =COUNTIFS(Tracks!$B:$B,A4,Tracks!$J:$J,">=0") -> 0 | E4: =COUNTIFS(Tracks!$B:$B,A4,Tracks!$J:$J,1) -> 0 | F4: =IF(D4=0,"",E4/D4)
A5: lsls | B5: =COUNTIF(Tracks!$B:$B,A5) -> 30 | C5: =COUNTIFS(Tracks!$B:$B,A5,Tracks!$E:$E,TRUE()) -> 0 | D5: =COUNTIFS(Tracks!$B:$B,A5,Tracks!$J:$J,">=0") -> 0 | E5: =COUNTIFS(Tracks!$B:$B,A5,Tracks!$J:$J,1) -> 0 | F5: =IF(D5=0,"",E5/D5)
A6: all | B6: =SUM(B2:B5) -> 120 | C6: =SUM(C2:C5) -> 0 | D6: =SUM(D2:D5) -> 0 | E6: =SUM(E2:E5) -> 0 | F6: =IF(D6=0,"",E6/D6)
A8: error_rate = errors ÷ answered (decision_error: 0 = ตอบถูก, 1 = ตอบผิด) — ตัวเลขนับจากแท็บ Tracks อัตโนมัติ
